{"(35.879, -79.069)": 94.4391044683721, "(35.879, -79.067)": 95.384375215625, "(35.879, -79.066)": 95.98931438, "(35.879, -79.065)": 96.05954463636364, "(35.88, -79.069)": 94.76344902805195, "(35.88, -79.068)": 93.6633060935484, "(35.88, -79.067)": 93.92892609426231, "(35.88, -79.065)": 96.27990967577466, "(35.88, -79.064)": 96.51963628522729, "(35.881, -79.069)": 92.28015959600002, "(35.881, -79.066)": 99.42800045000001, "(35.881, -79.065)": 98.79247982884209, "(35.881, -79.064)": 96.79795427490447, "(35.882, -79.069)": 92.3983418292683, "(35.882, -79.066)": 99.70284579615385, "(35.882, -79.065)": 99.38895295432431, "(35.883, -79.069)": 99.72980054, "(35.883, -79.065)": 98.39134469655174, "(35.883, -79.064)": 98.06753744375001, "(35.884, -79.07)": 101.0256363983471, "(35.884, -79.069)": 100.09842051578947, "(35.884, -79.065)": 98.66492934285715, "(35.884, -79.064)": 98.57007225662652, "(35.885, -79.072)": 101.17303786179248, "(35.885, -79.071)": 101.11594141470584, "(35.885, -79.07)": 100.56911538470591, "(35.885, -79.068)": 97.52333358333335, "(35.885, -79.067)": 98.49243905731707, "(35.885, -79.066)": 99.51631266875, "(35.885, -79.065)": 99.259250225, "(35.885, -79.064)": 99.73305588988762, "(35.886, -79.072)": 101.04531503193277, "(35.886, -79.071)": 99.4912536859155, "(35.886, -79.07)": 99.65209891999999, "(35.886, -79.069)": 98.37505553333334, "(35.886, -79.068)": 96.98995424545456, "(35.886, -79.066)": 100.50544171684213, "(35.886, -79.065)": 101.31527792222224, "(35.886, -79.064)": 101.24992572962962, "(35.887, -79.07)": 99.51481220000001, "(35.887, -79.069)": 99.17780054, "(35.887, -79.065)": 101.912450495, "(35.887, -79.064)": 102.02450027857142, "(35.903, -79.014)": 97.03115579523813, "(35.903, -79.013)": 96.85276061168918, "(35.904, -79.02)": 94.31923521363636, "(35.904, -79.019)": 96.89452644121053, "(35.904, -79.018)": 97.05074840348836, "(35.904, -79.016)": 94.56780883289156, "(35.904, -79.015)": 95.62207535145521, "(35.904, -79.014)": 96.3018009499345, "(35.904, -79.013)": 96.65883265956639, "(35.904, -79.012)": 96.5373022964624, "(35.904, -79.011)": 96.57465661611855, "(35.904, -79.01)": 97.52090533571429, "(35.905, -79.021)": 94.57061452432433, "(35.905, -79.02)": 93.7709744580645, "(35.905, -79.019)": 97.54119947191668, "(35.905, -79.018)": 96.61130971916667, "(35.905, -79.017)": 95.6873340505415, "(35.905, -79.016)": 96.11195892858682, "(35.905, -79.015)": 96.61866109020772, "(35.905, -79.014)": 99.0882509, "(35.905, -79.013)": 99.257, "(35.905, -79.011)": 97.45448693243243, "(35.905, -79.01)": 95.43618398717705, "(35.906, -79.083)": 94.51293584363636, "(35.906, -79.023)": 96.06052694324326, "(35.906, -79.022)": 97.03275558636365, "(35.906, -79.021)": 96.3474787, "(35.906, -79.02)": 94.510599125, "(35.906, -79.019)": 96.6094501723276, "(35.906, -79.018)": 97.21228335148936, "(35.906, -79.017)": 95.68587762235293, "(35.906, -79.015)": 96.080009650471, "(35.906, -79.014)": 96.12644774, "(35.906, -79.012)": 95.02653185000001, "(35.906, -79.011)": 94.81765929268515, "(35.906, -79.01)": 94.93222904098359, "(35.907, -79.023)": 96.09356763695654, "(35.907, -79.022)": 94.78924349374999, "(35.907, -79.021)": 94.06103354473684, "(35.907, -79.02)": 94.35714867499999, "(35.907, -79.015)": 94.81853767263158, "(35.907, -79.014)": 95.6048191129371, "(35.907, -79.013)": 95.59892536842105, "(35.907, -79.012)": 95.973, "(35.907, -79.011)": 94.9402269897059, "(35.908, -79.059)": 94.26454201299997, "(35.908, -79.053)": 92.73920071999999, "(35.908, -79.052)": 92.73048115599998, "(35.908, -79.051)": 92.7528230117647, "(35.908, -79.05)": 92.66264838474227, "(35.908, -79.049)": 91.98225025285713, "(35.908, -79.013)": 94.79101862352941, "(35.908, -79.012)": 95.9814311490113, "(35.908, -79.011)": 95.47364514137932, "(35.909, -79.065)": 105.33619976857143, "(35.909, -79.064)": 106.21879056935484, "(35.909, -79.059)": 94.69446902187501, "(35.909, -79.058)": 93.7146188714286, "(35.909, -79.057)": 93.23942847142852, "(35.909, -79.056)": 93.16670999677417, "(35.909, -79.053)": 92.82787657647059, "(35.909, -79.05)": 91.71944271898734, "(35.909, -79.049)": 91.84416717619047, "(35.909, -79.048)": 91.8410018, "(35.909, -79.012)": 93.7175, "(35.91, -79.071)": 99.46282366666667, "(35.91, -79.07)": 99.14508164288135, "(35.91, -79.067)": 103.73788031428572, "(35.91, -79.066)": 103.96115783157897, "(35.91, -79.065)": 103.28671158983052, "(35.91, -79.064)": 106.37587553793102, "(35.91, -79.063)": 99.96510890032654, "(35.91, -79.062)": 98.4072660010606, "(35.91, -79.061)": 97.43553999112905, "(35.91, -79.06)": 95.63250843278686, "(35.91, -79.059)": 95.18299973749998, "(35.91, -79.056)": 93.19059560000001, "(35.91, -79.055)": 93.10183051538462, "(35.91, -79.054)": 93.57367697311258, "(35.91, -79.053)": 93.04285227941176, "(35.91, -79.051)": 91.46524864999999, "(35.91, -79.05)": 91.4628228852941, "(35.911, -79.082)": 104.84268966666667, "(35.911, -79.081)": 99.17643582928575, "(35.911, -79.065)": 101.78888653207548, "(35.911, -79.064)": 101.82938520476192, "(35.911, -79.063)": 100.0464162463077, "(35.911, -79.062)": 99.63728031129497, "(35.911, -79.061)": 97.60859472733726, "(35.911, -79.06)": 97.60571280332327, "(35.911, -79.059)": 98.25352616140496, "(35.911, -79.058)": 98.79172456873417, "(35.911, -79.057)": 99.04171698271185, "(35.911, -79.056)": 96.1610326234058, "(35.911, -79.055)": 95.9934016408276, "(35.911, -79.054)": 93.54327394310523, "(35.911, -79.053)": 90.70433369999998, "(35.911, -79.052)": 90.63182366176471, "(35.911, -79.051)": 91.4002382884091, "(35.912, -79.061)": 101.98950721194029, "(35.912, -79.06)": 100.06881489956284, "(35.912, -79.059)": 98.18363551255209, "(35.912, -79.058)": 98.2620159660909, "(35.912, -79.057)": 99.84663044237334, "(35.912, -79.056)": 98.21526678653659, "(35.912, -79.055)": 93.84049690720474, "(35.912, -79.054)": 94.00549910000001, "(35.912, -79.053)": 95.97944327666669, "(35.912, -79.052)": 93.88458033548388, "(35.912, -79.051)": 91.40088962471425, "(35.913, -79.059)": 101.66250015000001, "(35.913, -79.058)": 99.20393759874999, "(35.913, -79.057)": 97.25545065352115, "(35.913, -79.056)": 101.1567753595, "(35.913, -79.055)": 95.35640821394053, "(35.913, -79.054)": 93.88296760254775, "(35.913, -79.053)": 95.1083742425, "(35.914, -79.056)": 100.25707656745901, "(35.914, -79.055)": 101.22311747647059, "(35.914, -79.054)": 100.5110412862069, "(35.914, -79.053)": 98.24754907850468, "(35.914, -79.052)": 94.66883314666667, "(35.915, -79.054)": 102.07000000000001, "(35.915, -79.053)": 98.39437120132811, "(35.917, -79.075)": 104.67500225, "(35.917, -79.074)": 104.96815635333334, "(35.918, -79.076)": 93.42106176749999, "(35.918, -79.075)": 93.60223180769232, "(35.919, -79.075)": 93.67249919000001, "(35.919, -79.074)": 93.70616928544304, "(35.926, -79.028)": 101.85012650761539, "(35.926, -79.027)": 103.08446663600002, "(35.926, -79.026)": 103.9104530632653, "(35.926, -79.025)": 102.91756596674107, "(35.926, -79.024)": 107.8700036, "(35.927, -79.03)": 101.49010954027777, "(35.927, -79.029)": 101.8725900822695, "(35.927, -79.028)": 103.28872746363636, "(35.927, -79.027)": 100.16600049090907, "(35.927, -79.026)": 103.27999940000001, "(35.927, -79.025)": 103.94326097018632, "(35.927, -79.024)": 104.75600034615385, "(35.928, -79.03)": 102.98048093599999, "(35.928, -79.029)": 100.95538713741935, "(35.928, -79.026)": 104.31560799864864, "(35.928, -79.025)": 105.84366925454543, "(35.929, -79.029)": 100.72161510350001, "(35.929, -79.026)": 103.17205365142857, "(35.929, -79.025)": 101.66274339256945, "(35.93, -79.03)": 100.23581241281913, "(35.93, -79.029)": 101.786, "(35.93, -79.025)": 100.70015764041666, "(35.93, -79.024)": 100.254279602994, "(35.931, -79.03)": 101.20907052292684, "(35.931, -79.029)": 100.86811107037036, "(35.931, -79.026)": 101.15136362272727, "(35.931, -79.025)": 99.70359818229663, "(35.931, -79.024)": 100.17013025854054, "(35.932, -79.031)": 103.59679999999999, "(35.932, -79.03)": 102.45670487954546,